{
    "enable_wb_video_variable_bitrate": true,
    "wb_air_mcs_index": 2,
    "wb_air_tx_channel_width": 20,
    "wb_bw_via_rc_channel": 0,
    "wb_dev_air_set_high_retransmit_count": false,
    "wb_enable_ldpc": false,
    "wb_enable_listen_only_mode": false,
    "wb_enable_short_guard": false,
    "wb_enable_stbc": 0,
    "wb_frequency": 5745,
    "wb_max_fec_block_size": -1,
    "wb_mcs_index_via_rc_channel": 0,
    "wb_rtl8812au_tx_pwr_idx_override": 10,
    "wb_rtl8812au_tx_pwr_idx_override_armed": 0,
    "wb_tx_power_milli_watt": 25,
    "wb_tx_power_milli_watt_armed": 0,
    "wb_video_fec_percentage": 20,
    "wb_video_rate_for_mcs_adjustment_percent": 100
}